﻿Designator,Footprint,Quantity,Value,LCSC Part #
BT1,BatteryHolder_Eagle_12BH611-GR,1,Battery_Cell,
C1,0603,1,47n,C1622
"C10, C7",0603,2,1u,C15849
"C11, C13, C14, C15, C16",0603,5,10u,C96446
"C12, C17, C18",0603,3,100n,C14663
"C2, C8",CP_Radial_D8.0mm_P3.50mm,2,470u,
C3,0603,1,47p,C1671
"C4, C6",0603,2,220n,C21120
C9,0603,1,22n,C21122
"D1, D2, D3, D5",D_SOD-323,4,1N4148WS,C2128
D8,floating_green_led,1,floating_green_led,
D9,floating_red_led,1,floating_red_led,
"H1, H2, H3, H4, H5",M3_hole_with_spacer,5,MountingHole,
"J1, J2",Jack_6.35mm,2,Jack_6.35,
"J3, J4, J5",JST_EH_B5B-EH-A_1x05_P2.50mm_Vertical,3,Conn_01x05,
J6,BarrelJack,1,Barrel_Jack_Switch,
"J7, J8",TestPoint_THTPad_D2.5mm_Drill1.2mm,2,Conn_01x01_Socket,
P1,tube_screamer_front_plate,1,tube_screamer_front_panel,
"Q1, Q2, Q3",SOT-23,3,MMBT5551,C2145
"R11, R48",0603,2,100,C22775
"R13, R14, R16, R18, R4, R6, R8",0603,7,1k,C21190
"R15, R19",0603,2,510k,C23192
"R17, R20, R21, R22, R23, R25, R3",0603,7,10k,C25804
R2,0603,1,4.7k,C23162
R47,0603,1,47k,C25819
R7,0603,1,220,C25804
"RV5, RV6, RV8",floating_pot,3,floating_pot,
SIM1,OSHW-Logo2_7.3x6mm_SilkScreen,1,Logo_Open_Hardware_Small,
SW1,foot_switch_tht_and_floating,1,pedala_switch,
U1,SOIC-8_3.9x4.9mm_P1.27mm,1,NE5532,C7426
